Sher-e-Punjab,21353
Desi Bites,18354590
Ishan's Caf√© and More,18281714
Domino's Pizza,21729
KFC,18632911
The Zaffron,18868091
Bhajohori Ranna,23305
Grill Hub,18670245
Vishal Pastry,25204
Dui Paar Bangla,18802580
Abhiruchi,18471913
Momozing,18746310
@49,18361665
Buddha Bites Express,18377089
B Square,18575984
Rockeat Restaurant,18657301
Heaven For Foodies,18748738
The Lalchi,18793893
Five Fingers,18649645
Kathi Junction,18868437
The Chicken Story,18801849
Mouchak's,21399
Masala Kitchen,18770117
Mouchak Sweets,18560811
Casa Mia,18575917
Pizza Lovers,25675
Annapurna Hotel and Restaurant,18573062
Awesome Khana,18560739
Wow! Momo,18565667
Arun Ice Cream Parlour,18524115
Mowgli's Kitchen,18748696
Raj Restaurant,18614698
Aami Bangali,18644144
China South,18770120
Rasui,18562944
Mio Amore,25364
Cafe Coffee Day,23564
The Sugarr & Spice,18128495
Sree Krishna Sweets,24549
Mangala Sweets,18552606
Giani Da Dhaba,18615143
Sukno Lanka,18166897
Royal Chef,18259474
Mughal Times,18867007
Lords Restaurant,17983793
South Express,18431467
Kolkata Yummy Chicken,18704412
Hashtagz India,18688118
Baishakhi,25489
Arroz-a-Casa,18878561
Rahmania,25604
Burmese Bahar,18814450
Spice Garden,18217438
Olive Inn,21398
Hotel Hazarduari Restaurant,18648340
MOUCHAKS,18667613
Delicious,18143260
Babumoshai Restaurant,20950
Dolphin Restaurant,18571702
Ashirbad,18224053
Garden City,18571623
Mouchak Bangaliana,18560706
Hazarduari Dhaba,18607297
Door Step Meal,18512349
Dhakai Biryani House,25490
Munch,18217440
The Sas's Kitchen,18801478
Momore,18224068
Only Alibaba,18217432
Desi Streat,18770016
Lazeez Express,18017643
Tea Junction,18708006
Wow! Momo,18779570
The North Cafe,18386799
The 99,18561157
Barasat Bowls,18703167
Bhojon Bilasi,18325046
Jewels Of India,18821043
Al Hameed Restaurant,18325247
Juices & More,18770024
Z Momos,18778447
Luscious Layers,18701398
Quality Fried Chicken,18730665
Mangalam,24819
Hazrat Special Biryani,25488
Foodholic Restro Cafe,18793756
Biryani Panda,18790211
Ruti Centre,18882055
A1 Haji Fast Food Centre,18323157
Jessore Junction,18537532
Just Baked,18598188
Ujwala Hindu Hotel,18612932
The Kitchen,18596506
Moumi's Kitchen,18601015
Kwality Food Corner,18640435
Krishna Food Corner,18676809
Ghar Ka Khana,18682205
Foodies,18729513
MyFC- My Favourite Fried Chicken,18754236
Debdas Bar Cum Restaurant,18767858
Spoon Feed,18768725
Deep Hotel & Restaurant,18879181
Break Point,18553340
Just Bites,18579563
Monoranjan's Sweets,18609640
Chox,18622374
Yummy Food Corner,18633302
The Olive's,18660462
TASTY CORNER,18791017
The Sugarr & Spice,18868548
Yo Yo Momo,18249169
Calcutta Bites,18644088
Diamond Biriyani,18143272
Meat and Eat,18607505
Namaste Kolkata,18660470
Sher-e-Bangla,18806506
Flavyo,18420483
Kwality La Zabab,25487
Aadab Restaurant,18768687
moms momo,18861542
Hotel 34 Inn,18166926
Dolphin,21417
Classic,21479
China Town,18527485
Bunkers Dhaba,18377104
Simana Periya,18265433
Z Momo,18895370
