Al Baik Fast Food Corner,18560756
Royal Indian Hotel,21411
Abhinandan,18679749
Tung Nam,22429
Cafe World,18649354
Sufia,21886
Haldiram's Prabhuji,21983
Amantran,18209669
Thakur Mahal,23270
Shree Ram Dhaba,23513
Dilli 6,18518428
Kashi Fast Food,18566717
Kitchen Restaurant,23231
Chinese Dhaba,18566609
Jain Surbhi Bhojanlaya,18712752
Tewari Sweets,18452226
D'Ley,24680
Gujrati Basa,18688637
Hind Tiffin Restaurant,23578
Rasoidaan,24754
Gupta Brothers Sweets,18621453
Kaligodam,18547335
Rajasthan Bhojnalaya,23677
Sharma's,18737899
Adam's Kabab Shop,18238594
Crazy Belly,18801040
Cane D,18783020
Durga Puri Hotel,18128482
Deshbandhu Mistanna Bhandar,23769
Jain Basa,18578867
Girnaar Restaurant,21504
Sams Cafe (Uppercrust),23711
Bapu Tea Stall,18586699
Sankhar Litti Chokha,18628861
Baba Fast Food,18248980
Haji Alauddin Sweets,18536349
Surendranath Dey and Sons,18552457
Hopscotch Ice Creams,18668945
Bhikharam Chandmal,24469
Pandey Dhaba,18515105
Rabindra Jalpan,22873
Yummy Hub,18794805
Avenue Mistanna Bhander,23528
Ram Rasoi,18724270
Kathleen,21205
SBFC Food Funda,18560765
Gagan Fast Food,18516122
Faltu Fast Food Centre,18627187
Khana Khazana,18568349
Omji's Restaurant,23139
Bombay Hotel,18561496
New Punjab Khalsa Hindu Hotel,18637005
Street Cafe,25537
Ganguram Great Grandsons,23717
Bhim Chandra Nag,18662725
Appayan,23531
Onkar Hotel,18143261
Sri Krishna Mistanna Bhander,18352364
Banchharam's,22089
FUJUSA,18622029
Bumbashuki Food,18705532
"Sanwaria ""Ghar Ko Khano""",18361660
Raju Snacks,18681865
Ashirbad Biryani,18862945
Karan Fast Food,23493
Jalajoga Mishti,18360309
Star Foods,18548929
Vadilal Scoop Shop,18866656
Jay Ambe Bhojanalaya,18735404
Hungry Hut,17983773
Just Baked,21027
Karodia Brothers,18350472
Rajasthan Guest House,22611
Nice Fried Chicken,18590974
Kwality Walls,18852666
Domino's,18733272
On The Wheels,18622880
The Veg Hub,18664405
Haldiram's,18895883
