Saptapadi,18270233
Wanderwall,18802433
Café Drifter,18377085
The Coastal Macha,18382762
Sienna Store & Cafe,18237062
KFC,18646083
Wise Owl,21997
Kimli,20293
Sudipar Rannaghor,18162696
Petit4s,18820732
The Wise Owl Steakhouse,25679
Bliss,20083
Krystal Chopstick,20844
The Tea Place by Manjushree,18564289
La Maison Des Délices,23817
Hungry Tide,21634
Kookie Jar,18566795
Texan BarBacon,18596819
Mishti Katha,18678733
Tero Parbon,20847
Byloom Canteen,22665
The Fat Filler,18593946
Bysha,18739028
China Wok,25637
Coffee N Mood,23873
Azad Hind Dhaba,20606
Baskin Robbins,18368682
Mystic Yoga Cafe,18311144
Indthalia,20621
Hongkong Express,21313
Jhaaley Jholey Ombole,23355
Agomoni,18440240
The Mad Baba,18683374
Criollo Bites,18626469
Khyber Pass,18386818
