Wasabee,22188
Enamiah Restaurant & Caterer,18265446
Shaam-e-Awadh,18648178
Baked & Fried,25474
Inception,18848615
Mio Amore,25315
The Hubb,18525759
B.M. Fast Food,24107
Maa Trinayani Restaurant,18420500
The Steak Factory,18471937
Spice Of Joy,18249140
La Komida,24444
Cup eBong,18825567
Mishti Katha,18671178
Only Alibaba,23834
3 Cheers,18767251
Wong's Kitchen,18809225
Spice Route,18527840
Baskin Robbins,18265453
Moments,23878
Ganguram,18296334
Spum Water,18629488
Laziz,22210
Only Alibaba - Thali,18287235
Flavours Of Asia,18325281
Tilottama,18249182
Big Boss Restora,18198684
Flurys,23709
Dalooks Bakers,18579009
Bake Club,25084
The Victoria,18869596
E Kitchen,18577279
Hot Spot,20902
The Belly Gong,18668906
Cha Chacha,18758572
Thakumar Rannaghar,18711106
Mini Hut,18672426
Tandoor Nest ,18577276
Shyamali's Kitchen,18598552
Pure Sin,18607352
munchkinz The Bake Studio,18625438
Wow! Momo,18771419
Ruchira,22198
Bibiyanar Rannaghar,18749797
Bhuri Bhoj,23659
Homemade Delights,18213978
Tripti Snacks Corner,22209
Szafran,21833
The French Loaf,18368676
