Daruchini Restaurant,18643563
Mio Amore,25298
Maa Bhabatarini Sweets,18658212
WFC (Wow Fried Chicken),18542054
Spice and Ice,18811938
Ritu's CAKE SHOPPE,18638364
TIME PASS,18677971
The Brunch Box,18717271
Penguin Inn,23113
Big Bong,18801847
Raj Restaurant,18530158
Aahar Caterer & Aahar Home Service,18821916
Z Momos,18778439
Southern Spice,18805882
Aunty's Kitchen,18697056
Dishant Restaurant,18642234
Sunday Snacks,18649369
Bell Pepper,18858524
The Sugarr & Spice,18128525
Park Restsurant,18626087
BFC,18559166
Silver Spoon Club,24211
Royal Bengal Dhaba,18469577
Kathleen,23061
